Feature,Importance
V14,0.5415535
V4,0.05888173
V12,0.037237957
V8,0.027471118
V20,0.020612402
V13,0.020452153
V28,0.020316346
V27,0.019190174
Amount,0.01882457
V26,0.016098969
V18,0.015630394
V7,0.015292453
V3,0.013691801
V22,0.013629595
V1,0.013083811
V10,0.013061271
V19,0.012364786
V23,0.012117158
V17,0.011684143
V6,0.011407517
V15,0.011321302
V2,0.010171077
V16,0.009547939
V21,0.009253384
V24,0.009112147
V5,0.009082515
V25,0.008722868
V11,0.007928782
V9,0.006673978
Time,0.0055841543
